id,reservation_date,checkout_date,return_date,member_id
11,2017/01/01,2017/01/04,2017/02/03,1791
16,2017/01/02,2017/01/05,2017/02/04,1180
29,2017/01/03,2017/01/06,2017/02/05,1472
29,2017/01/04,2017/01/07,2017/02/06,2120
43,2017/01/05,2017/01/08,2017/02/07,1271
38,2017/01/06,2017/01/09,2017/02/08,1441
48,2017/01/07,2017/01/10,2017/02/09,1812
2,2017/01/08,2017/01/11,2017/02/10,1084
8,2017/01/09,2017/01/12,2017/02/11,2045
47,2017/01/10,2017/01/13,2017/02/12,1572
25,2017/01/11,2017/01/14,2017/02/13,1605
25,2017/01/12,2017/01/15,2017/02/14,1844
1,2017/01/13,2017/01/16,2017/02/15,2573
36,2017/01/14,2017/01/17,2017/02/16,2723
20,2017/01/15,2017/01/18,2017/02/17,2106
33,2017/01/16,2017/01/19,2017/02/18,2399
29,2017/01/17,2017/01/20,2017/02/19,1566
32,2017/01/18,2017/01/21,2017/02/20,2502
28,2017/01/19,2017/01/22,2017/02/21,2641
1,2017/01/20,2017/01/23,2017/02/22,2627
6,2017/01/21,2017/01/24,2017/02/23,2521
24,2017/01/22,2017/01/25,2017/02/24,2596
29,2017/01/23,2017/01/26,2017/02/25,1378
27,2017/01/24,2017/01/27,2017/02/26,2698
1,2017/01/25,2017/01/28,2017/02/27,1386
10,2017/01/26,2017/01/29,2017/02/28,1806
43,2017/01/27,2017/01/30,2017/03/01,2546
29,2017/01/28,2017/01/31,2017/03/02,1995
44,2017/01/29,2017/02/01,2017/03/03,1023
41,2017/01/30,2017/02/02,2017/03/04,1730
32,2017/01/31,2017/02/03,2017/03/05,2371
28,2017/02/01,2017/02/04,2017/03/06,1219
44,2017/02/02,2017/02/05,2017/03/07,2417
22,2017/02/03,2017/02/06,2017/03/08,1687
25,2017/02/04,2017/02/07,2017/03/09,1962
18,2017/02/05,2017/02/08,2017/03/10,2405
41,2017/02/06,2017/02/09,2017/03/11,2110
33,2017/02/07,2017/02/10,2017/03/12,1859
44,2017/02/08,2017/02/11,2017/03/13,1470
9,2017/02/09,2017/02/12,2017/03/14,1242
12,2017/02/10,2017/02/13,2017/03/15,1211
47,2017/02/11,2017/02/14,2017/03/16,2410
24,2017/02/12,2017/02/15,2017/03/17,2588
11,2017/02/13,2017/02/16,2017/03/18,2452
46,2017/02/14,2017/02/17,2017/03/19,2016
22,2017/02/15,2017/02/18,2017/03/20,1534
44,2017/02/16,2017/02/19,2017/03/21,1985
8,2017/02/17,2017/02/20,2017/03/22,1862
41,2017/02/18,2017/02/21,2017/03/23,1950
39,2017/02/19,2017/02/22,2017/03/24,2483
17,2017/02/20,2017/02/23,2017/03/25,2327
28,2017/02/21,2017/02/24,2017/03/26,1055
41,2017/02/22,2017/02/25,2017/03/27,2506
11,2017/02/23,2017/02/26,2017/03/28,1503
38,2017/02/24,2017/02/27,2017/03/29,1995
13,2017/02/25,2017/02/28,2017/03/30,1800
49,2017/02/26,2017/03/01,2017/03/31,1485
26,2017/02/27,2017/03/02,2017/04/01,2309
42,2017/02/28,2017/03/03,2017/04/02,2052
6,2017/03/01,2017/03/04,2017/04/03,1890
22,2017/03/02,2017/03/05,2017/04/04,1907
49,2017/03/03,2017/03/06,2017/04/05,1797
27,2017/03/04,2017/03/07,2017/04/06,2267
25,2017/03/05,2017/03/08,2017/04/07,1778
8,2017/03/06,2017/03/09,2017/04/08,2584
7,2017/03/07,2017/03/10,2017/04/09,1540
49,2017/03/08,2017/03/11,2017/04/10,2134
29,2017/03/09,2017/03/12,2017/04/11,2363
47,2017/03/10,2017/03/13,2017/04/12,2499
19,2017/03/11,2017/03/14,2017/04/13,1550
42,2017/03/12,2017/03/15,2017/04/14,1116
28,2017/03/13,2017/03/16,2017/04/15,1325
26,2017/03/14,2017/03/17,2017/04/16,1120
36,2017/03/15,2017/03/18,2017/04/17,1853
31,2017/03/16,2017/03/19,2017/04/18,1503
48,2017/03/17,2017/03/20,2017/04/19,1170
37,2017/03/18,2017/03/21,2017/04/20,1098
37,2017/03/19,2017/03/22,2017/04/21,2415
8,2017/03/20,2017/03/23,2017/04/22,2644
29,2017/03/21,2017/03/24,2017/04/23,2280
1,2017/03/22,2017/03/25,2017/04/24,1348
49,2017/03/23,2017/03/26,2017/04/25,2009
9,2017/03/24,2017/03/27,2017/04/26,2710
44,2017/03/25,2017/03/28,2017/04/27,2531
29,2017/03/26,2017/03/29,2017/04/28,1892
36,2017/03/27,2017/03/30,2017/04/29,2558
5,2017/03/28,2017/03/31,2017/04/30,2359
44,2017/03/29,2017/04/01,2017/05/01,1837
48,2017/03/30,2017/04/02,2017/05/02,1387
43,2017/03/31,2017/04/03,2017/05/03,1810
9,2017/04/01,2017/04/04,2017/05/04,1811
22,2017/04/02,2017/04/05,2017/05/05,1359
50,2017/04/03,2017/04/06,2017/05/06,1644
35,2017/04/04,2017/04/07,2017/05/07,2068
11,2017/04/05,2017/04/08,2017/05/08,1809
47,2017/04/06,2017/04/09,2017/05/09,2702
9,2017/04/07,2017/04/10,2017/05/10,1743
29,2017/04/08,2017/04/11,2017/05/11,1363
24,2017/04/09,2017/04/12,2017/05/12,1790
42,2017/04/10,2017/04/13,2017/05/13,2008
12,2017/04/11,2017/04/14,2017/05/14,1465
9,2017/04/12,2017/04/15,2017/05/15,1620
33,2017/04/13,2017/04/16,2017/05/16,1059
3,2017/04/14,2017/04/17,2017/05/17,1530
45,2017/04/15,2017/04/18,2017/05/18,1952
10,2017/04/16,2017/04/19,2017/05/19,2224
23,2017/04/17,2017/04/20,2017/05/20,1021
6,2017/04/18,2017/04/21,2017/05/21,2672
18,2017/04/19,2017/04/22,2017/05/22,2157
25,2017/04/20,2017/04/23,2017/05/23,2117
16,2017/04/21,2017/04/24,2017/05/24,2054
22,2017/04/22,2017/04/25,2017/05/25,1924
12,2017/04/23,2017/04/26,2017/05/26,2195
18,2017/04/24,2017/04/27,2017/05/27,1101
21,2017/04/25,2017/04/28,2017/05/28,1299
10,2017/04/26,2017/04/29,2017/05/29,1588
46,2017/04/27,2017/04/30,2017/05/30,1135
29,2017/04/28,2017/05/01,2017/05/31,1867
44,2017/04/29,2017/05/02,2017/06/01,1959
21,2017/04/30,2017/05/03,2017/06/02,1859
40,2017/05/01,2017/05/04,2017/06/03,1806
41,2017/05/02,2017/05/05,2017/06/04,2461
47,2017/05/03,2017/05/06,2017/06/05,1090
30,2017/05/04,2017/05/07,2017/06/06,1333
32,2017/05/05,2017/05/08,2017/06/07,2527
27,2017/05/06,2017/05/09,2017/06/08,2069
33,2017/05/07,2017/05/10,2017/06/09,2031
37,2017/05/08,2017/05/11,2017/06/10,1935
50,2017/05/09,2017/05/12,2017/06/11,1853
34,2017/05/10,2017/05/13,2017/06/12,1438
4,2017/05/11,2017/05/14,2017/06/13,2016
27,2017/05/12,2017/05/15,2017/06/14,1364
2,2017/05/13,2017/05/16,2017/06/15,1758
49,2017/05/14,2017/05/17,2017/06/16,1094
10,2017/05/15,2017/05/18,2017/06/17,1578
38,2017/05/16,2017/05/19,2017/06/18,1747
12,2017/05/17,2017/05/20,2017/06/19,2404
24,2017/05/18,2017/05/21,2017/06/20,2169
24,2017/05/19,2017/05/22,2017/06/21,1894
33,2017/05/20,2017/05/23,2017/06/22,2452
2,2017/05/21,2017/05/24,2017/06/23,2293
27,2017/05/22,2017/05/25,2017/06/24,1613
25,2017/05/23,2017/05/26,2017/06/25,1677
11,2017/05/24,2017/05/27,2017/06/26,1836
50,2017/05/25,2017/05/28,2017/06/27,1227
25,2017/05/26,2017/05/29,2017/06/28,1586
24,2017/05/27,2017/05/30,2017/06/29,2509
46,2017/05/28,2017/05/31,2017/06/30,2228
11,2017/05/29,2017/06/01,2017/07/01,1615
47,2017/05/30,2017/06/02,2017/07/02,1478
44,2017/05/31,2017/06/03,2017/07/03,1211
50,2017/06/01,2017/06/04,2017/07/04,1822
43,2017/06/02,2017/06/05,2017/07/05,1165
5,2017/06/03,2017/06/06,2017/07/06,1235
5,2017/06/04,2017/06/07,2017/07/07,1205
40,2017/06/05,2017/06/08,2017/07/08,1953
46,2017/06/06,2017/06/09,2017/07/09,1899
11,2017/06/07,2017/06/10,2017/07/10,1889
6,2017/06/08,2017/06/11,2017/07/11,1746
48,2017/06/09,2017/06/12,2017/07/12,1075
7,2017/06/10,2017/06/13,2017/07/13,2731
11,2017/06/11,2017/06/14,2017/07/14,2388
48,2017/06/12,2017/06/15,2017/07/15,1294
25,2017/06/13,2017/06/16,2017/07/16,2602
34,2017/06/14,2017/06/17,2017/07/17,2382
7,2017/06/15,2017/06/18,2017/07/18,2636
12,2017/06/16,2017/06/19,2017/07/19,2376
19,2017/06/17,2017/06/20,2017/07/20,1486
34,2017/06/18,2017/06/21,2017/07/21,1267
37,2017/06/19,2017/06/22,2017/07/22,2558
35,2017/06/20,2017/06/23,2017/07/23,1103
28,2017/06/21,2017/06/24,2017/07/24,1526
34,2017/06/22,2017/06/25,2017/07/25,1466
21,2017/06/23,2017/06/26,2017/07/26,2025
18,2017/06/24,2017/06/27,2017/07/27,1367
46,2017/06/25,2017/06/28,2017/07/28,2516
26,2017/06/26,2017/06/29,2017/07/29,1477
41,2017/06/27,2017/06/30,2017/07/30,1208
35,2017/06/28,2017/07/01,2017/07/31,1275
7,2017/06/29,2017/07/02,2017/08/01,2017
21,2017/06/30,2017/07/03,2017/08/02,1633
21,2017/07/01,2017/07/04,2017/08/03,2721
25,2017/07/02,2017/07/05,2017/08/04,1873
49,2017/07/03,2017/07/06,2017/08/05,2169
46,2017/07/04,2017/07/07,2017/08/06,1955
27,2017/07/05,2017/07/08,2017/08/07,1470
34,2017/07/06,2017/07/09,2017/08/08,1071
26,2017/07/07,2017/07/10,2017/08/09,2178
45,2017/07/08,2017/07/11,2017/08/10,2036
32,2017/07/09,2017/07/12,2017/08/11,1221
35,2017/07/10,2017/07/13,2017/08/12,1316
44,2017/07/11,2017/07/14,2017/08/13,2420
19,2017/07/12,2017/07/15,2017/08/14,1463
11,2017/07/13,2017/07/16,2017/08/15,1988
20,2017/07/14,2017/07/17,2017/08/16,1023
44,2017/07/15,2017/07/18,2017/08/17,1812
34,2017/07/16,2017/07/19,2017/08/18,1466
32,2017/07/17,2017/07/20,2017/08/19,2665
3,2017/07/18,2017/07/21,2017/08/20,1149
25,2017/07/19,2017/07/22,2017/08/21,2326
28,2017/07/20,2017/07/23,2017/08/22,2270
46,2017/07/21,2017/07/24,2017/08/23,1854
28,2017/07/22,2017/07/25,2017/08/24,2062
49,2017/07/23,2017/07/26,2017/08/25,1694
23,2017/07/24,2017/07/27,2017/08/26,1042
38,2017/07/25,2017/07/28,2017/08/27,1294
44,2017/07/26,2017/07/29,2017/08/28,2529
11,2017/07/27,2017/07/30,2017/08/29,1007
6,2017/07/28,2017/07/31,2017/08/30,1585
27,2017/07/29,2017/08/01,2017/08/31,1268
40,2017/07/30,2017/08/02,2017/09/01,1892
37,2017/07/31,2017/08/03,2017/09/02,2232
50,2017/08/01,2017/08/04,2017/09/03,1674
26,2017/08/02,2017/08/05,2017/09/04,1178
7,2017/08/03,2017/08/06,2017/09/05,2282
36,2017/08/04,2017/08/07,2017/09/06,1567
16,2017/08/05,2017/08/08,2017/09/07,1611
27,2017/08/06,2017/08/09,2017/09/08,1741
42,2017/08/07,2017/08/10,2017/09/09,1778
33,2017/08/08,2017/08/11,2017/09/10,2470
2,2017/08/09,2017/08/12,2017/09/11,1605
43,2017/08/10,2017/08/13,2017/09/12,1695
37,2017/08/11,2017/08/14,2017/09/13,1637
19,2017/08/12,2017/08/15,2017/09/14,1603
2,2017/08/13,2017/08/16,2017/09/15,1087
4,2017/08/14,2017/08/17,2017/09/16,1755
9,2017/08/15,2017/08/18,2017/09/17,1041
7,2017/08/16,2017/08/19,2017/09/18,2521
41,2017/08/17,2017/08/20,2017/09/19,1850
3,2017/08/18,2017/08/21,2017/09/20,2286
6,2017/08/19,2017/08/22,2017/09/21,1502
35,2017/08/20,2017/08/23,2017/09/22,1552
30,2017/08/21,2017/08/24,2017/09/23,2296
45,2017/08/22,2017/08/25,2017/09/24,1931
2,2017/08/23,2017/08/26,2017/09/25,1022
29,2017/08/24,2017/08/27,2017/09/26,1300
7,2017/08/25,2017/08/28,2017/09/27,1838
21,2017/08/26,2017/08/29,2017/09/28,2311
26,2017/08/27,2017/08/30,2017/09/29,2527
4,2017/08/28,2017/08/31,2017/09/30,1067
23,2017/08/29,2017/09/01,2017/10/01,1166
50,2017/08/30,2017/09/02,2017/10/02,1489
23,2017/08/31,2017/09/03,2017/10/03,1218
45,2017/09/01,2017/09/04,2017/10/04,2471
29,2017/09/02,2017/09/05,2017/10/05,1155
6,2017/09/03,2017/09/06,2017/10/06,2095
43,2017/09/04,2017/09/07,2017/10/07,1716
40,2017/09/05,2017/09/08,2017/10/08,2692
39,2017/09/06,2017/09/09,2017/10/09,1047
3,2017/09/07,2017/09/10,2017/10/10,2054
26,2017/09/08,2017/09/11,2017/10/11,2601
2,2017/09/09,2017/09/12,2017/10/12,1177
42,2017/09/10,2017/09/13,2017/10/13,1589
37,2017/09/11,2017/09/14,2017/10/14,1169
43,2017/09/12,2017/09/15,2017/10/15,2384
17,2017/09/13,2017/09/16,2017/10/16,2087
2,2017/09/14,2017/09/17,2017/10/17,1529
11,2017/09/15,2017/09/18,2017/10/18,1111
12,2017/09/16,2017/09/19,2017/10/19,1548
40,2017/09/17,2017/09/20,2017/10/20,2087
47,2017/09/18,2017/09/21,2017/10/21,2527
6,2017/09/19,2017/09/22,2017/10/22,1916
6,2017/09/20,2017/09/23,2017/10/23,2521
9,2017/09/21,2017/09/24,2017/10/24,1489
21,2017/09/22,2017/09/25,2017/10/25,2161
15,2017/09/23,2017/09/26,2017/10/26,1234
5,2017/09/24,2017/09/27,2017/10/27,1821
49,2017/09/25,2017/09/28,2017/10/28,1310
6,2017/09/26,2017/09/29,2017/10/29,1627
33,2017/09/27,2017/09/30,2017/10/30,2356
47,2017/09/28,2017/10/01,2017/10/31,2303
47,2017/09/29,2017/10/02,2017/11/01,1210
29,2017/09/30,2017/10/03,2017/11/02,2066
18,2017/10/01,2017/10/04,2017/11/03,2661
21,2017/10/02,2017/10/05,2017/11/04,1281
33,2017/10/03,2017/10/06,2017/11/05,1415
24,2017/10/04,2017/10/07,2017/11/06,2272
9,2017/10/05,2017/10/08,2017/11/07,2246
33,2017/10/06,2017/10/09,2017/11/08,1549
7,2017/10/07,2017/10/10,2017/11/09,2621
5,2017/10/08,2017/10/11,2017/11/10,1711
3,2017/10/09,2017/10/12,2017/11/11,1316
40,2017/10/10,2017/10/13,2017/11/12,1804
39,2017/10/11,2017/10/14,2017/11/13,2692
12,2017/10/12,2017/10/15,2017/11/14,1991
45,2017/10/13,2017/10/16,2017/11/15,2379
22,2017/10/14,2017/10/17,2017/11/16,1564
23,2017/10/15,2017/10/18,2017/11/17,2204
17,2017/10/16,2017/10/19,2017/11/18,2519
37,2017/10/17,2017/10/20,2017/11/19,1007
48,2017/10/18,2017/10/21,2017/11/20,1761
9,2017/10/19,2017/10/22,2017/11/21,2016
1,2017/10/20,2017/10/23,2017/11/22,2092
36,2017/10/21,2017/10/24,2017/11/23,2078
39,2017/10/22,2017/10/25,2017/11/24,1697
24,2017/10/23,2017/10/26,2017/11/25,2591
8,2017/10/24,2017/10/27,2017/11/26,2478
2,2017/10/25,2017/10/28,2017/11/27,2163
20,2017/10/26,2017/10/29,2017/11/28,2237
12,2017/10/27,2017/10/30,2017/11/29,1746
29,2017/10/28,2017/10/31,2017/11/30,1485
44,2017/10/29,2017/11/01,2017/12/01,1666
42,2017/10/30,2017/11/02,2017/12/02,1912
35,2017/10/31,2017/11/03,2017/12/03,1281
44,2017/11/01,2017/11/04,2017/12/04,1490
42,2017/11/02,2017/11/05,2017/12/05,2103
49,2017/11/03,2017/11/06,2017/12/06,1125
3,2017/11/04,2017/11/07,2017/12/07,1077
16,2017/11/05,2017/11/08,2017/12/08,2648
34,2017/11/06,2017/11/09,2017/12/09,1853
43,2017/11/07,2017/11/10,2017/12/10,2534
28,2017/11/08,2017/11/11,2017/12/11,1953
15,2017/11/09,2017/11/12,2017/12/12,1016
1,2017/11/10,2017/11/13,2017/12/13,1558
16,2017/11/11,2017/11/14,2017/12/14,1838
13,2017/11/12,2017/11/15,2017/12/15,2459
26,2017/11/13,2017/11/16,2017/12/16,1542
24,2017/11/14,2017/11/17,2017/12/17,2558
3,2017/11/15,2017/11/18,2017/12/18,2398
44,2017/11/16,2017/11/19,2017/12/19,2154
31,2017/11/17,2017/11/20,2017/12/20,1361
13,2017/11/18,2017/11/21,2017/12/21,1181
28,2017/11/19,2017/11/22,2017/12/22,2212
10,2017/11/20,2017/11/23,2017/12/23,1488
36,2017/11/21,2017/11/24,2017/12/24,2680
7,2017/11/22,2017/11/25,2017/12/25,1564
45,2017/11/23,2017/11/26,2017/12/26,2376
33,2017/11/24,2017/11/27,2017/12/27,2145
42,2017/11/25,2017/11/28,2017/12/28,1950
44,2017/11/26,2017/11/29,2017/12/29,1892
22,2017/11/27,2017/11/30,2017/12/30,1709
25,2017/11/28,2017/12/01,2017/12/31,1787
38,2017/11/29,2017/12/02,2018/01/01,1817
16,2017/11/30,2017/12/03,2018/01/02,2384
15,2017/12/01,2017/12/04,2018/01/03,2164
1,2017/12/02,2017/12/05,2018/01/04,2688
26,2017/12/03,2017/12/06,2018/01/05,2041
28,2017/12/04,2017/12/07,2018/01/06,2622
31,2017/12/05,2017/12/08,2018/01/07,1558
37,2017/12/06,2017/12/09,2018/01/08,1642
11,2017/12/07,2017/12/10,2018/01/09,2537
21,2017/12/08,2017/12/11,2018/01/10,1053
40,2017/12/09,2017/12/12,2018/01/11,1624
3,2017/12/10,2017/12/13,2018/01/12,1182
38,2017/12/11,2017/12/14,2018/01/13,1007
35,2017/12/12,2017/12/15,2018/01/14,1252
47,2017/12/13,2017/12/16,2018/01/15,1763
18,2017/12/14,2017/12/17,2018/01/16,1084
16,2017/12/15,2017/12/18,2018/01/17,2191
43,2017/12/16,2017/12/19,2018/01/18,2411
16,2017/12/17,2017/12/20,2018/01/19,1543
45,2017/12/18,2017/12/21,2018/01/20,2378
25,2017/12/19,2017/12/22,2018/01/21,2657
34,2017/12/20,2017/12/23,2018/01/22,1347
40,2017/12/21,2017/12/24,2018/01/23,2466
41,2017/12/22,2017/12/25,2018/01/24,1004
1,2017/12/23,2017/12/26,2018/01/25,2646
23,2017/12/24,2017/12/27,2018/01/26,1736
43,2017/12/25,2017/12/28,2018/01/27,2418
11,2017/12/26,2017/12/29,2018/01/28,2005
16,2017/12/27,2017/12/30,2018/01/29,1575
23,2017/12/28,2017/12/31,2018/01/30,1514
39,2017/12/29,2018/01/01,2018/01/31,2214
1,2017/12/30,2018/01/02,2018/02/01,2597
17,2017/12/31,2018/01/03,2018/02/02,2633
45,2018/01/01,2018/01/04,2018/02/03,1833
21,2018/01/02,2018/01/05,2018/02/04,2068
4,2018/01/03,2018/01/06,2018/02/05,2115
38,2018/01/04,2018/01/07,2018/02/06,1748
40,2018/01/05,2018/01/08,2018/02/07,2504
37,2018/01/06,2018/01/09,2018/02/08,2069
35,2018/01/07,2018/01/10,2018/02/09,1457
2,2018/01/08,2018/01/11,2018/02/10,1826
12,2018/01/09,2018/01/12,2018/02/11,1484
9,2018/01/10,2018/01/13,2018/02/12,2616
22,2018/01/11,2018/01/14,2018/02/13,2015
43,2018/01/12,2018/01/15,2018/02/14,1243
44,2018/01/13,2018/01/16,2018/02/15,1420
39,2018/01/14,2018/01/17,2018/02/16,2590
8,2018/01/15,2018/01/18,2018/02/17,2483
45,2018/01/16,2018/01/19,2018/02/18,2394
2,2018/01/17,2018/01/20,2018/02/19,1262
23,2018/01/18,2018/01/21,2018/02/20,1734
6,2018/01/19,2018/01/22,2018/02/21,2677
23,2018/01/20,2018/01/23,2018/02/22,2668
42,2018/01/21,2018/01/24,2018/02/23,1356
9,2018/01/22,2018/01/25,2018/02/24,1416
50,2018/01/23,2018/01/26,2018/02/25,2359
31,2018/01/24,2018/01/27,2018/02/26,1290
25,2018/01/25,2018/01/28,2018/02/27,1120
2,2018/01/26,2018/01/29,2018/02/28,1607
2,2018/01/27,2018/01/30,2018/03/01,2351
42,2018/01/28,2018/01/31,2018/03/02,2401
12,2018/01/29,2018/02/01,2018/03/03,1202
23,2018/01/30,2018/02/02,2018/03/04,2331
15,2018/01/31,2018/02/03,2018/03/05,1991
33,2018/02/01,2018/02/04,2018/03/06,2378
32,2018/02/02,2018/02/05,2018/03/07,1362
42,2018/02/03,2018/02/06,2018/03/08,2120
3,2018/02/04,2018/02/07,2018/03/09,1588
5,2018/02/05,2018/02/08,2018/03/10,2583
26,2018/02/06,2018/02/09,2018/03/11,1301
7,2018/02/07,2018/02/10,2018/03/12,1338
7,2018/02/08,2018/02/11,2018/03/13,1455
41,2018/02/09,2018/02/12,2018/03/14,1327
8,2018/02/10,2018/02/13,2018/03/15,2186
4,2018/02/11,2018/02/14,2018/03/16,1940
38,2018/02/12,2018/02/15,2018/03/17,1696
32,2018/02/13,2018/02/16,2018/03/18,1723
32,2018/02/14,2018/02/17,2018/03/19,2059
46,2018/02/15,2018/02/18,2018/03/20,2451
1,2018/02/16,2018/02/19,2018/03/21,1632
35,2018/02/17,2018/02/20,2018/03/22,1958
28,2018/02/18,2018/02/21,2018/03/23,2395
34,2018/02/19,2018/02/22,2018/03/24,1945
41,2018/02/20,2018/02/23,2018/03/25,1901
18,2018/02/21,2018/02/24,2018/03/26,1123
16,2018/02/22,2018/02/25,2018/03/27,2056
12,2018/02/23,2018/02/26,2018/03/28,1207
4,2018/02/24,2018/02/27,2018/03/29,2200
38,2018/02/25,2018/02/28,2018/03/30,2474
15,2018/02/26,2018/03/01,2018/03/31,2436
26,2018/02/27,2018/03/02,2018/04/01,1476
24,2018/02/28,2018/03/03,2018/04/02,1486
35,2018/03/01,2018/03/04,2018/04/03,2723
46,2018/03/02,2018/03/05,2018/04/04,1989
31,2018/03/03,2018/03/06,2018/04/05,1791
34,2018/03/04,2018/03/07,2018/04/06,1382
5,2018/03/05,2018/03/08,2018/04/07,2558
22,2018/03/06,2018/03/09,2018/04/08,2679
28,2018/03/07,2018/03/10,2018/04/09,2632
38,2018/03/08,2018/03/11,2018/04/10,1394
30,2018/03/09,2018/03/12,2018/04/11,1547
2,2018/03/10,2018/03/13,2018/04/12,2171
9,2018/03/11,2018/03/14,2018/04/13,2507
15,2018/03/12,2018/03/15,2018/04/14,1451
19,2018/03/13,2018/03/16,2018/04/15,2671
30,2018/03/14,2018/03/17,2018/04/16,1493
9,2018/03/15,2018/03/18,2018/04/17,1324
11,2018/03/16,2018/03/19,2018/04/18,1889
24,2018/03/17,2018/03/20,2018/04/19,1401
9,2018/03/18,2018/03/21,2018/04/20,2423
39,2018/03/19,2018/03/22,2018/04/21,1120
15,2018/03/20,2018/03/23,2018/04/22,1830
37,2018/03/21,2018/03/24,2018/04/23,1656
23,2018/03/22,2018/03/25,2018/04/24,2347
47,2018/03/23,2018/03/26,2018/04/25,1604
9,2018/03/24,2018/03/27,2018/04/26,1760
32,2018/03/25,2018/03/28,2018/04/27,2374
24,2018/03/26,2018/03/29,2018/04/28,2617
26,2018/03/27,2018/03/30,2018/04/29,1223
36,2018/03/28,2018/03/31,2018/04/30,1550
17,2018/03/29,2018/04/01,2018/05/01,2409
5,2018/03/30,2018/04/02,2018/05/02,2732
26,2018/03/31,2018/04/03,2018/05/03,1079
30,2018/04/01,2018/04/04,2018/05/04,2025
33,2018/04/02,2018/04/05,2018/05/05,2470
3,2018/04/03,2018/04/06,2018/05/06,2691
2,2018/04/04,2018/04/07,2018/05/07,1312
37,2018/04/05,2018/04/08,2018/05/08,2108
37,2018/04/06,2018/04/09,2018/05/09,1296
11,2018/04/07,2018/04/10,2018/05/10,2083
39,2018/04/08,2018/04/11,2018/05/11,1978
21,2018/04/09,2018/04/12,2018/05/12,1331
2,2018/04/10,2018/04/13,2018/05/13,2206
29,2018/04/11,2018/04/14,2018/05/14,1244
15,2018/04/12,2018/04/15,2018/05/15,1738
28,2018/04/13,2018/04/16,2018/05/16,1258
28,2018/04/14,2018/04/17,2018/05/17,2394
20,2018/04/15,2018/04/18,2018/05/18,2708
14,2018/04/16,2018/04/19,2018/05/19,2709
25,2018/04/17,2018/04/20,2018/05/20,2571
9,2018/04/18,2018/04/21,2018/05/21,1117
39,2018/04/19,2018/04/22,2018/05/22,1765
25,2018/04/20,2018/04/23,2018/05/23,2524
48,2018/04/21,2018/04/24,2018/05/24,1695
32,2018/04/22,2018/04/25,2018/05/25,1509
34,2018/04/23,2018/04/26,2018/05/26,1250
41,2018/04/24,2018/04/27,2018/05/27,2191
49,2018/04/25,2018/04/28,2018/05/28,2553
3,2018/04/26,2018/04/29,2018/05/29,1702
28,2018/04/27,2018/04/30,2018/05/30,1274
29,2018/04/28,2018/05/01,2018/05/31,1761
43,2018/04/29,2018/05/02,2018/06/01,1507
29,2018/04/30,2018/05/03,2018/06/02,2136
45,2018/05/01,2018/05/04,2018/06/03,1209
38,2018/05/02,2018/05/05,2018/06/04,1991
29,2018/05/03,2018/05/06,2018/06/05,1841
5,2018/05/04,2018/05/07,2018/06/06,1608
46,2018/05/05,2018/05/08,2018/06/07,2716
9,2018/05/06,2018/05/09,2018/06/08,2371
13,2018/05/07,2018/05/10,2018/06/09,1335
32,2018/05/08,2018/05/11,2018/06/10,2691
4,2018/05/09,2018/05/12,2018/06/11,2460
29,2018/05/10,2018/05/13,2018/06/12,1541
10,2018/05/11,2018/05/14,2018/06/13,2284
30,2018/05/12,2018/05/15,2018/06/14,1777
33,2018/05/13,2018/05/16,2018/06/15,2630
18,2018/05/14,2018/05/17,2018/06/16,2510
19,2018/05/15,2018/05/18,2018/06/17,2032
48,2018/05/16,2018/05/19,2018/06/18,1296
3,2018/05/17,2018/05/20,2018/06/19,1673
42,2018/05/18,2018/05/21,2018/06/20,2198
44,2018/05/19,2018/05/22,2018/06/21,1348
43,2018/05/20,2018/05/23,2018/06/22,1616
46,2018/05/21,2018/05/24,2018/06/23,2195
18,2018/05/22,2018/05/25,2018/06/24,2398
45,2018/05/23,2018/05/26,2018/06/25,1280
3,2018/05/24,2018/05/27,2018/06/26,2519
43,2018/05/25,2018/05/28,2018/06/27,2639
18,2018/05/26,2018/05/29,2018/06/28,1367
33,2018/05/27,2018/05/30,2018/06/29,2357
20,2018/05/28,2018/05/31,2018/06/30,1553
7,2018/05/29,2018/06/01,2018/07/01,1975
45,2018/05/30,2018/06/02,2018/07/02,1657
11,2018/05/31,2018/06/03,2018/07/03,2514
23,2018/06/01,2018/06/04,2018/07/04,1432
44,2018/06/02,2018/06/05,2018/07/05,1682
35,2018/06/03,2018/06/06,2018/07/06,1090
31,2018/06/04,2018/06/07,2018/07/07,2345
35,2018/06/05,2018/06/08,2018/07/08,1678
33,2018/06/06,2018/06/09,2018/07/09,2318
50,2018/06/07,2018/06/10,2018/07/10,1825
42,2018/06/08,2018/06/11,2018/07/11,2649
46,2018/06/09,2018/06/12,2018/07/12,1666
40,2018/06/10,2018/06/13,2018/07/13,2295
14,2018/06/11,2018/06/14,2018/07/14,1187
14,2018/06/12,2018/06/15,2018/07/15,1405
47,2018/06/13,2018/06/16,2018/07/16,1122
32,2018/06/14,2018/06/17,2018/07/17,1820
45,2018/06/15,2018/06/18,2018/07/18,1572
19,2018/06/16,2018/06/19,2018/07/19,1530
49,2018/06/17,2018/06/20,2018/07/20,2157
33,2018/06/18,2018/06/21,2018/07/21,1324
5,2018/06/19,2018/06/22,2018/07/22,1036
42,2018/06/20,2018/06/23,2018/07/23,1915
5,2018/06/21,2018/06/24,2018/07/24,2008
43,2018/06/22,2018/06/25,2018/07/25,1885
4,2018/06/23,2018/06/26,2018/07/26,1594
6,2018/06/24,2018/06/27,2018/07/27,2416
13,2018/06/25,2018/06/28,2018/07/28,2076
38,2018/06/26,2018/06/29,2018/07/29,1129
36,2018/06/27,2018/06/30,2018/07/30,1276
44,2018/06/28,2018/07/01,2018/07/31,2217
1,2018/06/29,2018/07/02,2018/08/01,2095
12,2018/06/30,2018/07/03,2018/08/02,1444
36,2018/07/01,2018/07/04,2018/08/03,2696
40,2018/07/02,2018/07/05,2018/08/04,1769
4,2018/07/03,2018/07/06,2018/08/05,1499
3,2018/07/04,2018/07/07,2018/08/06,2589
31,2018/07/05,2018/07/08,2018/08/07,2204
11,2018/07/06,2018/07/09,2018/08/08,1533
7,2018/07/07,2018/07/10,2018/08/09,1394
14,2018/07/08,2018/07/11,2018/08/10,2708
28,2018/07/09,2018/07/12,2018/08/11,1117
6,2018/07/10,2018/07/13,2018/08/12,2261
14,2018/07/11,2018/07/14,2018/08/13,2297
7,2018/07/12,2018/07/15,2018/08/14,1984
6,2018/07/13,2018/07/16,2018/08/15,1903
43,2018/07/14,2018/07/17,2018/08/16,1149
29,2018/07/15,2018/07/18,2018/08/17,2389
24,2018/07/16,2018/07/19,2018/08/18,1574
30,2018/07/17,2018/07/20,2018/08/19,2055
23,2018/07/18,2018/07/21,2018/08/20,1475
35,2018/07/19,2018/07/22,2018/08/21,2122
3,2018/07/20,2018/07/23,2018/08/22,1358
28,2018/07/21,2018/07/24,2018/08/23,2423
25,2018/07/22,2018/07/25,2018/08/24,1415
24,2018/07/23,2018/07/26,2018/08/25,2259
7,2018/07/24,2018/07/27,2018/08/26,1784
9,2018/07/25,2018/07/28,2018/08/27,1180
25,2018/07/26,2018/07/29,2018/08/28,2265
11,2018/07/27,2018/07/30,2018/08/29,1267
29,2018/07/28,2018/07/31,2018/08/30,1695
48,2018/07/29,2018/08/01,2018/08/31,1613
2,2018/07/30,2018/08/02,2018/09/01,1646
35,2018/07/31,2018/08/03,2018/09/02,1854
18,2018/08/01,2018/08/04,2018/09/03,1121
17,2018/08/02,2018/08/05,2018/09/04,2100
45,2018/08/03,2018/08/06,2018/09/05,2153
47,2018/08/04,2018/08/07,2018/09/06,2048
8,2018/08/05,2018/08/08,2018/09/07,2542
26,2018/08/06,2018/08/09,2018/09/08,2702
22,2018/08/07,2018/08/10,2018/09/09,1287
32,2018/08/08,2018/08/11,2018/09/10,2327
13,2018/08/09,2018/08/12,2018/09/11,1392
40,2018/08/10,2018/08/13,2018/09/12,1716
16,2018/08/11,2018/08/14,2018/09/13,2315
7,2018/08/12,2018/08/15,2018/09/14,2487
6,2018/08/13,2018/08/16,2018/09/15,1229
41,2018/08/14,2018/08/17,2018/09/16,1856
32,2018/08/15,2018/08/18,2018/09/17,1948
39,2018/08/16,2018/08/19,2018/09/18,2255
30,2018/08/17,2018/08/20,2018/09/19,2336
1,2018/08/18,2018/08/21,2018/09/20,2573
40,2018/08/19,2018/08/22,2018/09/21,1567
24,2018/08/20,2018/08/23,2018/09/22,1747
33,2018/08/21,2018/08/24,2018/09/23,1266
46,2018/08/22,2018/08/25,2018/09/24,1912
11,2018/08/23,2018/08/26,2018/09/25,2390
34,2018/08/24,2018/08/27,2018/09/26,1184
18,2018/08/25,2018/08/28,2018/09/27,2469
20,2018/08/26,2018/08/29,2018/09/28,1234
45,2018/08/27,2018/08/30,2018/09/29,2269
9,2018/08/28,2018/08/31,2018/09/30,1144
35,2018/08/29,2018/09/01,2018/10/01,1740
46,2018/08/30,2018/09/02,2018/10/02,2661
29,2018/08/31,2018/09/03,2018/10/03,1637
46,2018/09/01,2018/09/04,2018/10/04,2249
30,2018/09/02,2018/09/05,2018/10/05,1004
31,2018/09/03,2018/09/06,2018/10/06,2376
14,2018/09/04,2018/09/07,2018/10/07,2665
49,2018/09/05,2018/09/08,2018/10/08,1779
23,2018/09/06,2018/09/09,2018/10/09,1928
46,2018/09/07,2018/09/10,2018/10/10,1910
5,2018/09/08,2018/09/11,2018/10/11,2184
17,2018/09/09,2018/09/12,2018/10/12,1359
7,2018/09/10,2018/09/13,2018/10/13,2585
18,2018/09/11,2018/09/14,2018/10/14,1867
14,2018/09/12,2018/09/15,2018/10/15,1858
50,2018/09/13,2018/09/16,2018/10/16,1324
24,2018/09/14,2018/09/17,2018/10/17,1885
14,2018/09/15,2018/09/18,2018/10/18,1245
36,2018/09/16,2018/09/19,2018/10/19,2167
39,2018/09/17,2018/09/20,2018/10/20,1781
14,2018/09/18,2018/09/21,2018/10/21,2101
29,2018/09/19,2018/09/22,2018/10/22,1657
41,2018/09/20,2018/09/23,2018/10/23,1444
27,2018/09/21,2018/09/24,2018/10/24,2364
6,2018/09/22,2018/09/25,2018/10/25,1454
16,2018/09/23,2018/09/26,2018/10/26,1921
10,2018/09/24,2018/09/27,2018/10/27,1372
22,2018/09/25,2018/09/28,2018/10/28,2490
12,2018/09/26,2018/09/29,2018/10/29,1023
24,2018/09/27,2018/09/30,2018/10/30,2633
37,2018/09/28,2018/10/01,2018/10/31,2542
8,2018/09/29,2018/10/02,2018/11/01,1559
14,2018/09/30,2018/10/03,2018/11/02,1232
48,2018/10/01,2018/10/04,2018/11/03,1060
15,2018/10/02,2018/10/05,2018/11/04,1417
35,2018/10/03,2018/10/06,2018/11/05,1236
23,2018/10/04,2018/10/07,2018/11/06,1464
38,2018/10/05,2018/10/08,2018/11/07,1106
30,2018/10/06,2018/10/09,2018/11/08,1539
33,2018/10/07,2018/10/10,2018/11/09,2559
13,2018/10/08,2018/10/11,2018/11/10,2248
1,2018/10/09,2018/10/12,2018/11/11,1153
6,2018/10/10,2018/10/13,2018/11/12,2514
11,2018/10/11,2018/10/14,2018/11/13,2338
29,2018/10/12,2018/10/15,2018/11/14,1173
43,2018/10/13,2018/10/16,2018/11/15,2643
35,2018/10/14,2018/10/17,2018/11/16,1039
22,2018/10/15,2018/10/18,2018/11/17,1959
21,2018/10/16,2018/10/19,2018/11/18,1154
9,2018/10/17,2018/10/20,2018/11/19,1295
23,2018/10/18,2018/10/21,2018/11/20,1912
25,2018/10/19,2018/10/22,2018/11/21,2250
16,2018/10/20,2018/10/23,2018/11/22,1941
33,2018/10/21,2018/10/24,2018/11/23,2597
45,2018/10/22,2018/10/25,2018/11/24,2443
1,2018/10/23,2018/10/26,2018/11/25,1873
13,2018/10/24,2018/10/27,2018/11/26,1020
33,2018/10/25,2018/10/28,2018/11/27,1417
39,2018/10/26,2018/10/29,2018/11/28,2657
27,2018/10/27,2018/10/30,2018/11/29,1647
27,2018/10/28,2018/10/31,2018/11/30,2327
50,2018/10/29,2018/11/01,2018/12/01,1752
9,2018/10/30,2018/11/02,2018/12/02,2379
50,2018/10/31,2018/11/03,2018/12/03,1821
17,2018/11/01,2018/11/04,2018/12/04,2240
7,2018/11/02,2018/11/05,2018/12/05,2263
39,2018/11/03,2018/11/06,2018/12/06,1690
11,2018/11/04,2018/11/07,2018/12/07,1237
24,2018/11/05,2018/11/08,2018/12/08,2613
30,2018/11/06,2018/11/09,2018/12/09,2379
29,2018/11/07,2018/11/10,2018/12/10,2025
50,2018/11/08,2018/11/11,2018/12/11,1014
19,2018/11/09,2018/11/12,2018/12/12,1274
40,2018/11/10,2018/11/13,2018/12/13,1884
28,2018/11/11,2018/11/14,2018/12/14,1710
10,2018/11/12,2018/11/15,2018/12/15,1746
3,2018/11/13,2018/11/16,2018/12/16,2671
44,2018/11/14,2018/11/17,2018/12/17,1762
44,2018/11/15,2018/11/18,2018/12/18,2059
25,2018/11/16,2018/11/19,2018/12/19,2443
2,2018/11/17,2018/11/20,2018/12/20,1327
49,2018/11/18,2018/11/21,2018/12/21,1900
37,2018/11/19,2018/11/22,2018/12/22,1336
20,2018/11/20,2018/11/23,2018/12/23,1547
14,2018/11/21,2018/11/24,2018/12/24,2368
29,2018/11/22,2018/11/25,2018/12/25,1479
31,2018/11/23,2018/11/26,2018/12/26,1204
33,2018/11/24,2018/11/27,2018/12/27,2091
28,2018/11/25,2018/11/28,2018/12/28,2360
50,2018/11/26,2018/11/29,2018/12/29,1928
46,2018/11/27,2018/11/30,2018/12/30,1117
35,2018/11/28,2018/12/01,2018/12/31,2587
2,2018/11/29,2018/12/02,2019/01/01,1188
36,2018/11/30,2018/12/03,2019/01/02,1574
50,2018/12/01,2018/12/04,2019/01/03,2314
38,2018/12/02,2018/12/05,2019/01/04,2629
23,2018/12/03,2018/12/06,2019/01/05,2675
32,2018/12/04,2018/12/07,2019/01/06,2402
35,2018/12/05,2018/12/08,2019/01/07,2534
35,2018/12/06,2018/12/09,2019/01/08,1538
29,2018/12/07,2018/12/10,2019/01/09,1522
43,2018/12/08,2018/12/11,2019/01/10,1603
10,2018/12/09,2018/12/12,2019/01/11,1712
32,2018/12/10,2018/12/13,2019/01/12,1496
10,2018/12/11,2018/12/14,2019/01/13,2390
49,2018/12/12,2018/12/15,2019/01/14,2576
46,2018/12/13,2018/12/16,2019/01/15,1900
29,2018/12/14,2018/12/17,2019/01/16,1977
23,2018/12/15,2018/12/18,2019/01/17,2056
1,2018/12/16,2018/12/19,2019/01/18,2426
39,2018/12/17,2018/12/20,2019/01/19,1316
17,2018/12/18,2018/12/21,2019/01/20,1359
11,2018/12/19,2018/12/22,2019/01/21,2685
9,2018/12/20,2018/12/23,2019/01/22,1859
23,2018/12/21,2018/12/24,2019/01/23,1242
41,2018/12/22,2018/12/25,2019/01/24,2494
20,2018/12/23,2018/12/26,2019/01/25,2597
5,2018/12/24,2018/12/27,2019/01/26,1913
27,2018/12/25,2018/12/28,2019/01/27,2513
21,2018/12/26,2018/12/29,2019/01/28,1261
46,2018/12/27,2018/12/30,2019/01/29,2537
1,2018/12/28,2018/12/31,2019/01/30,2043
44,2018/12/29,2019/01/01,2019/01/31,1590
29,2018/12/30,2019/01/02,2019/02/01,1416
6,2018/12/31,2019/01/03,2019/02/02,1629
22,2019/01/01,2019/01/04,2019/02/03,2272
47,2019/01/02,2019/01/05,2019/02/04,2360
7,2019/01/03,2019/01/06,2019/02/05,2675
21,2019/01/04,2019/01/07,2019/02/06,1757
35,2019/01/05,2019/01/08,2019/02/07,2608
45,2019/01/06,2019/01/09,2019/02/08,1235
1,2019/01/07,2019/01/10,2019/02/09,2556
13,2019/01/08,2019/01/11,2019/02/10,1420
48,2019/01/09,2019/01/12,2019/02/11,2271
34,2019/01/10,2019/01/13,2019/02/12,2686
32,2019/01/11,2019/01/14,2019/02/13,2631
21,2019/01/12,2019/01/15,2019/02/14,2327
12,2019/01/13,2019/01/16,2019/02/15,1565
26,2019/01/14,2019/01/17,2019/02/16,2511
30,2019/01/15,2019/01/18,2019/02/17,2471
45,2019/01/16,2019/01/19,2019/02/18,1757
14,2019/01/17,2019/01/20,2019/02/19,1247
29,2019/01/18,2019/01/21,2019/02/20,2213
1,2019/01/19,2019/01/22,2019/02/21,1449
35,2019/01/20,2019/01/23,2019/02/22,2577
37,2019/01/21,2019/01/24,2019/02/23,1021
12,2019/01/22,2019/01/25,2019/02/24,2019
38,2019/01/23,2019/01/26,2019/02/25,1347
4,2019/01/24,2019/01/27,2019/02/26,1261
38,2019/01/25,2019/01/28,2019/02/27,1332
32,2019/01/26,2019/01/29,2019/02/28,1487
24,2019/01/27,2019/01/30,2019/03/01,1890
47,2019/01/28,2019/01/31,2019/03/02,1968
16,2019/01/29,2019/02/01,2019/03/03,1465
43,2019/01/30,2019/02/02,2019/03/04,1128
43,2019/01/31,2019/02/03,2019/03/05,1475
40,2019/02/01,2019/02/04,2019/03/06,2492
32,2019/02/02,2019/02/05,2019/03/07,2658
43,2019/02/03,2019/02/06,2019/03/08,1661
30,2019/02/04,2019/02/07,2019/03/09,2668
50,2019/02/05,2019/02/08,2019/03/10,2568
47,2019/02/06,2019/02/09,2019/03/11,1490
18,2019/02/07,2019/02/10,2019/03/12,1555
28,2019/02/08,2019/02/11,2019/03/13,1526
36,2019/02/09,2019/02/12,2019/03/14,1876
46,2019/02/10,2019/02/13,2019/03/15,2007
46,2019/02/11,2019/02/14,2019/03/16,1871
35,2019/02/12,2019/02/15,2019/03/17,2278
23,2019/02/13,2019/02/16,2019/03/18,2249
45,2019/02/14,2019/02/17,2019/03/19,2164
37,2019/02/15,2019/02/18,2019/03/20,1426
27,2019/02/16,2019/02/19,2019/03/21,1877
19,2019/02/17,2019/02/20,2019/03/22,1929
7,2019/02/18,2019/02/21,2019/03/23,2432
50,2019/02/19,2019/02/22,2019/03/24,1743
17,2019/02/20,2019/02/23,2019/03/25,2481
39,2019/02/21,2019/02/24,2019/03/26,1588
13,2019/02/22,2019/02/25,2019/03/27,1673
14,2019/02/23,2019/02/26,2019/03/28,2470
27,2019/02/24,2019/02/27,2019/03/29,2140
28,2019/02/25,2019/02/28,2019/03/30,1605
33,2019/02/26,2019/03/01,2019/03/31,2248
28,2019/02/27,2019/03/02,2019/04/01,1578
19,2019/02/28,2019/03/03,2019/04/02,2541
35,2019/03/01,2019/03/04,2019/04/03,2718
9,2019/03/02,2019/03/05,2019/04/04,2014
13,2019/03/03,2019/03/06,2019/04/05,1476
10,2019/03/04,2019/03/07,2019/04/06,2485
30,2019/03/05,2019/03/08,2019/04/07,2075
9,2019/03/06,2019/03/09,2019/04/08,2380
32,2019/03/07,2019/03/10,2019/04/09,1035
17,2019/03/08,2019/03/11,2019/04/10,1750
14,2019/03/09,2019/03/12,2019/04/11,2341
40,2019/03/10,2019/03/13,2019/04/12,2053
29,2019/03/11,2019/03/14,2019/04/13,1014
37,2019/03/12,2019/03/15,2019/04/14,1526
35,2019/03/13,2019/03/16,2019/04/15,2036
2,2019/03/14,2019/03/17,2019/04/16,2254
49,2019/03/15,2019/03/18,2019/04/17,1656
33,2019/03/16,2019/03/19,2019/04/18,2174
4,2019/03/17,2019/03/20,2019/04/19,2320
24,2019/03/18,2019/03/21,2019/04/20,2432
22,2019/03/19,2019/03/22,2019/04/21,2101
28,2019/03/20,2019/03/23,2019/04/22,2651
31,2019/03/21,2019/03/24,2019/04/23,1187
46,2019/03/22,2019/03/25,2019/04/24,2361
15,2019/03/23,2019/03/26,2019/04/25,1177
33,2019/03/24,2019/03/27,2019/04/26,1315
50,2019/03/25,2019/03/28,2019/04/27,2432
2,2019/03/26,2019/03/29,2019/04/28,1599
3,2019/03/27,2019/03/30,2019/04/29,1187
33,2019/03/28,2019/03/31,2019/04/30,2106
16,2019/03/29,2019/04/01,2019/05/01,1499
10,2019/03/30,2019/04/02,2019/05/02,1547
17,2019/03/31,2019/04/03,2019/05/03,2149
26,2019/04/01,2019/04/04,2019/05/04,2468
31,2019/04/02,2019/04/05,2019/05/05,1695
15,2019/04/03,2019/04/06,2019/05/06,1311
41,2019/04/04,2019/04/07,2019/05/07,2311
30,2019/04/05,2019/04/08,2019/05/08,1481
3,2019/04/06,2019/04/09,2019/05/09,2420
2,2019/04/07,2019/04/10,2019/05/10,1944
5,2019/04/08,2019/04/11,2019/05/11,2072
23,2019/04/09,2019/04/12,2019/05/12,2023
6,2019/04/10,2019/04/13,2019/05/13,1987
50,2019/04/11,2019/04/14,2019/05/14,2726
36,2019/04/12,2019/04/15,2019/05/15,1107
5,2019/04/13,2019/04/16,2019/05/16,1668
39,2019/04/14,2019/04/17,2019/05/17,2253
7,2019/04/15,2019/04/18,2019/05/18,2670
17,2019/04/16,2019/04/19,2019/05/19,2657
40,2019/04/17,2019/04/20,2019/05/20,2605
12,2019/04/18,2019/04/21,2019/05/21,2327
36,2019/04/19,2019/04/22,2019/05/22,1631
49,2019/04/20,2019/04/23,2019/05/23,1826
24,2019/04/21,2019/04/24,2019/05/24,2667
4,2019/04/22,2019/04/25,2019/05/25,1890
19,2019/04/23,2019/04/26,2019/05/26,1691
43,2019/04/24,2019/04/27,2019/05/27,1031
30,2019/04/25,2019/04/28,2019/05/28,2617
4,2019/04/26,2019/04/29,2019/05/29,1858
5,2019/04/27,2019/04/30,2019/05/30,2100
49,2019/04/28,2019/05/01,2019/05/31,1766
39,2019/04/29,2019/05/02,2019/06/01,1830
4,2019/04/30,2019/05/03,2019/06/02,1412
39,2019/05/01,2019/05/04,2019/06/03,2654
13,2019/05/02,2019/05/05,2019/06/04,2044
40,2019/05/03,2019/05/06,2019/06/05,2202
42,2019/05/04,2019/05/07,2019/06/06,2545
43,2019/05/05,2019/05/08,2019/06/07,2424
3,2019/05/06,2019/05/09,2019/06/08,1695
24,2019/05/07,2019/05/10,2019/06/09,2730
29,2019/05/08,2019/05/11,2019/06/10,1205
12,2019/05/09,2019/05/12,2019/06/11,1720
47,2019/05/10,2019/05/13,2019/06/12,1471
29,2019/05/11,2019/05/14,2019/06/13,1144
13,2019/05/12,2019/05/15,2019/06/14,2461
14,2019/05/13,2019/05/16,2019/06/15,2442
30,2019/05/14,2019/05/17,2019/06/16,1306
24,2019/05/15,2019/05/18,2019/06/17,2604
23,2019/05/16,2019/05/19,2019/06/18,1072
44,2019/05/17,2019/05/20,2019/06/19,2008
17,2019/05/18,2019/05/21,2019/06/20,1907
42,2019/05/19,2019/05/22,2019/06/21,1694
44,2019/05/20,2019/05/23,2019/06/22,1697
20,2019/05/21,2019/05/24,2019/06/23,1156
37,2019/05/22,2019/05/25,2019/06/24,1693
22,2019/05/23,2019/05/26,2019/06/25,2112
42,2019/05/24,2019/05/27,2019/06/26,1527
19,2019/05/25,2019/05/28,2019/06/27,2026
46,2019/05/26,2019/05/29,2019/06/28,2236
6,2019/05/27,2019/05/30,2019/06/29,1316
5,2019/05/28,2019/05/31,2019/06/30,1079
14,2019/05/29,2019/06/01,2019/07/01,2281
39,2019/05/30,2019/06/02,2019/07/02,2522
14,2019/05/31,2019/06/03,2019/07/03,1428
40,2019/06/01,2019/06/04,2019/07/04,2126
45,2019/06/02,2019/06/05,2019/07/05,2227
16,2019/06/03,2019/06/06,2019/07/06,1027
21,2019/06/04,2019/06/07,2019/07/07,1498
35,2019/06/05,2019/06/08,2019/07/08,2529
28,2019/06/06,2019/06/09,2019/07/09,1545
5,2019/06/07,2019/06/10,2019/07/10,2151
25,2019/06/08,2019/06/11,2019/07/11,1573
48,2019/06/09,2019/06/12,2019/07/12,1736
42,2019/06/10,2019/06/13,2019/07/13,1318
20,2019/06/11,2019/06/14,2019/07/14,1789
19,2019/06/12,2019/06/15,2019/07/15,1043
36,2019/06/13,2019/06/16,2019/07/16,1132
22,2019/06/14,2019/06/17,2019/07/17,1786
36,2019/06/15,2019/06/18,2019/07/18,1415
1,2019/06/16,2019/06/19,2019/07/19,1025
10,2019/06/17,2019/06/20,2019/07/20,1341
34,2019/06/18,2019/06/21,2019/07/21,2266
42,2019/06/19,2019/06/22,2019/07/22,1602
39,2019/06/20,2019/06/23,2019/07/23,1461
20,2019/06/21,2019/06/24,2019/07/24,2220
21,2019/06/22,2019/06/25,2019/07/25,2031
40,2019/06/23,2019/06/26,2019/07/26,2082
37,2019/06/24,2019/06/27,2019/07/27,2668
5,2019/06/25,2019/06/28,2019/07/28,2695
42,2019/06/26,2019/06/29,2019/07/29,1657
16,2019/06/27,2019/06/30,2019/07/30,2622
23,2019/06/28,2019/07/01,2019/07/31,1771
8,2019/06/29,2019/07/02,2019/08/01,1918
46,2019/06/30,2019/07/03,2019/08/02,1035
8,2019/07/01,2019/07/04,2019/08/03,1331
12,2019/07/02,2019/07/05,2019/08/04,1859
1,2019/07/03,2019/07/06,2019/08/05,1534
15,2019/07/04,2019/07/07,2019/08/06,2081
22,2019/07/05,2019/07/08,2019/08/07,2272
3,2019/07/06,2019/07/09,2019/08/08,1020
35,2019/07/07,2019/07/10,2019/08/09,1655
37,2019/07/08,2019/07/11,2019/08/10,1724
11,2019/07/09,2019/07/12,2019/08/11,2594
24,2019/07/10,2019/07/13,2019/08/12,2233
40,2019/07/11,2019/07/14,2019/08/13,1008
43,2019/07/12,2019/07/15,2019/08/14,1817
36,2019/07/13,2019/07/16,2019/08/15,2131
26,2019/07/14,2019/07/17,2019/08/16,1154
35,2019/07/15,2019/07/18,2019/08/17,2267
11,2019/07/16,2019/07/19,2019/08/18,2511
1,2019/07/17,2019/07/20,2019/08/19,1167
35,2019/07/18,2019/07/21,2019/08/20,2384
50,2019/07/19,2019/07/22,2019/08/21,2069
50,2019/07/20,2019/07/23,2019/08/22,1814
16,2019/07/21,2019/07/24,2019/08/23,1530
39,2019/07/22,2019/07/25,2019/08/24,2231
25,2019/07/23,2019/07/26,2019/08/25,1964
25,2019/07/24,2019/07/27,2019/08/26,1963
6,2019/07/25,2019/07/28,2019/08/27,1111
40,2019/07/26,2019/07/29,2019/08/28,1220
31,2019/07/27,2019/07/30,2019/08/29,2455
44,2019/07/28,2019/07/31,2019/08/30,1547
46,2019/07/29,2019/08/01,2019/08/31,2507
23,2019/07/30,2019/08/02,2019/09/01,1494
38,2019/07/31,2019/08/03,2019/09/02,2717
23,2019/08/01,2019/08/04,2019/09/03,1692
47,2019/08/02,2019/08/05,2019/09/04,1729
8,2019/08/03,2019/08/06,2019/09/05,1438
39,2019/08/04,2019/08/07,2019/09/06,2358
4,2019/08/05,2019/08/08,2019/09/07,1040
6,2019/08/06,2019/08/09,2019/09/08,1283
10,2019/08/07,2019/08/10,2019/09/09,2564
32,2019/08/08,2019/08/11,2019/09/10,1797
48,2019/08/09,2019/08/12,2019/09/11,2641
10,2019/08/10,2019/08/13,2019/09/12,1122
28,2019/08/11,2019/08/14,2019/09/13,2416
35,2019/08/12,2019/08/15,2019/09/14,2113
22,2019/08/13,2019/08/16,2019/09/15,1511
28,2019/08/14,2019/08/17,2019/09/16,2640
41,2019/08/15,2019/08/18,2019/09/17,1430
32,2019/08/16,2019/08/19,2019/09/18,1835
22,2019/08/17,2019/08/20,2019/09/19,2513
27,2019/08/18,2019/08/21,2019/09/20,2717
50,2019/08/19,2019/08/22,2019/09/21,1452
31,2019/08/20,2019/08/23,2019/09/22,1388
47,2019/08/21,2019/08/24,2019/09/23,1389
2,2019/08/22,2019/08/25,2019/09/24,2366
7,2019/08/23,2019/08/26,2019/09/25,2502
50,2019/08/24,2019/08/27,2019/09/26,1012
6,2019/08/25,2019/08/28,2019/09/27,1081
37,2019/08/26,2019/08/29,2019/09/28,1226
17,2019/08/27,2019/08/30,2019/09/29,1468
12,2019/08/28,2019/08/31,2019/09/30,1150
32,2019/08/29,2019/09/01,2019/10/01,1756
14,2019/08/30,2019/09/02,2019/10/02,2402
29,2019/08/31,2019/09/03,2019/10/03,1222
40,2019/09/01,2019/09/04,2019/10/04,2249
37,2019/09/02,2019/09/05,2019/10/05,2357
23,2019/09/03,2019/09/06,2019/10/06,1988
33,2019/09/04,2019/09/07,2019/10/07,2172
44,2019/09/05,2019/09/08,2019/10/08,1126
19,2019/09/06,2019/09/09,2019/10/09,1466
24,2019/09/07,2019/09/10,2019/10/10,1616
46,2019/09/08,2019/09/11,2019/10/11,2149
32,2019/09/09,2019/09/12,2019/10/12,2073
16,2019/09/10,2019/09/13,2019/10/13,1971
3,2019/09/11,2019/09/14,2019/10/14,2660
46,2019/09/12,2019/09/15,2019/10/15,1914
29,2019/09/13,2019/09/16,2019/10/16,2293
22,2019/09/14,2019/09/17,2019/10/17,2625
30,2019/09/15,2019/09/18,2019/10/18,2443
35,2019/09/16,2019/09/19,2019/10/19,1958
24,2019/09/17,2019/09/20,2019/10/20,2378
45,2019/09/18,2019/09/21,2019/10/21,2716
1,2019/09/19,2019/09/22,2019/10/22,1157
13,2019/09/20,2019/09/23,2019/10/23,2657
20,2019/09/21,2019/09/24,2019/10/24,1132
42,2019/09/22,2019/09/25,2019/10/25,1519
16,2019/09/23,2019/09/26,2019/10/26,2153
22,2019/09/24,2019/09/27,2019/10/27,1890
3,2019/09/25,2019/09/28,2019/10/28,2168
6,2019/09/26,2019/09/29,2019/10/29,2295
9,2019/09/27,2019/09/30,2019/10/30,1772
45,2019/09/28,2019/10/01,2019/10/31,1582
29,2019/09/29,2019/10/02,2019/11/01,1406
1,2019/09/30,2019/10/03,2019/11/02,1025
23,2019/10/01,2019/10/04,2019/11/03,1051
21,2019/10/02,2019/10/05,2019/11/04,2645
41,2019/10/03,2019/10/06,2019/11/05,1432
25,2019/10/04,2019/10/07,2019/11/06,1806
6,2019/10/05,2019/10/08,2019/11/07,1031
37,2019/10/06,2019/10/09,2019/11/08,2371
27,2019/10/07,2019/10/10,2019/11/09,2437
15,2019/10/08,2019/10/11,2019/11/10,2026
4,2019/10/09,2019/10/12,2019/11/11,1800
30,2019/10/10,2019/10/13,2019/11/12,1615
33,2019/10/11,2019/10/14,2019/11/13,1537
5,2019/10/12,2019/10/15,2019/11/14,1792
2,2019/10/13,2019/10/16,2019/11/15,2022
17,2019/10/14,2019/10/17,2019/11/16,2369
11,2019/10/15,2019/10/18,2019/11/17,1470
12,2019/10/16,2019/10/19,2019/11/18,1525
25,2019/10/17,2019/10/20,2019/11/19,2323
30,2019/10/18,2019/10/21,2019/11/20,2442
19,2019/10/19,2019/10/22,2019/11/21,2622
45,2019/10/20,2019/10/23,2019/11/22,1124
46,2019/10/21,2019/10/24,2019/11/23,1270
33,2019/10/22,2019/10/25,2019/11/24,2194
28,2019/10/23,2019/10/26,2019/11/25,2345
9,2019/10/24,2019/10/27,2019/11/26,2104
25,2019/10/25,2019/10/28,2019/11/27,2008
45,2019/10/26,2019/10/29,2019/11/28,2362
48,2019/10/27,2019/10/30,2019/11/29,1657
1,2019/10/28,2019/10/31,2019/11/30,1691
35,2019/10/29,2019/11/01,2019/12/01,1424
8,2019/10/30,2019/11/02,2019/12/02,1247
14,2019/10/31,2019/11/03,2019/12/03,1139
38,2019/11/01,2019/11/04,2019/12/04,1973
44,2019/11/02,2019/11/05,2019/12/05,1397
29,2019/11/03,2019/11/06,2019/12/06,1010
5,2019/11/04,2019/11/07,2019/12/07,1587
5,2019/11/05,2019/11/08,2019/12/08,2310
27,2019/11/06,2019/11/09,2019/12/09,1892
27,2019/11/07,2019/11/10,2019/12/10,2609
3,2019/11/08,2019/11/11,2019/12/11,2725
21,2019/11/09,2019/11/12,2019/12/12,2226
44,2019/11/10,2019/11/13,2019/12/13,2463
36,2019/11/11,2019/11/14,2019/12/14,2015
6,2019/11/12,2019/11/15,2019/12/15,2218
43,2019/11/13,2019/11/16,2019/12/16,1887
10,2019/11/14,2019/11/17,2019/12/17,2505
46,2019/11/15,2019/11/18,2019/12/18,2693
44,2019/11/16,2019/11/19,2019/12/19,1116
4,2019/11/17,2019/11/20,2019/12/20,2209
37,2019/11/18,2019/11/21,2019/12/21,2575
21,2019/11/19,2019/11/22,2019/12/22,1211
13,2019/11/20,2019/11/23,2019/12/23,1581
41,2019/11/21,2019/11/24,2019/12/24,2169
20,2019/11/22,2019/11/25,2019/12/25,1722
28,2019/11/23,2019/11/26,2019/12/26,1559
27,2019/11/24,2019/11/27,2019/12/27,1251
45,2019/11/25,2019/11/28,2019/12/28,1614
20,2019/11/26,2019/11/29,2019/12/29,1856
33,2019/11/27,2019/11/30,2019/12/30,1414
50,2019/11/28,2019/12/01,2019/12/31,1736
44,2019/11/29,2019/12/02,2020/01/01,2314
12,2019/11/30,2019/12/03,2020/01/02,2578
15,2019/12/01,2019/12/04,2020/01/03,2213
18,2019/12/02,2019/12/05,2020/01/04,1786
15,2019/12/03,2019/12/06,2020/01/05,2610
9,2019/12/04,2019/12/07,2020/01/06,2177
32,2019/12/05,2019/12/08,2020/01/07,1886
26,2019/12/06,2019/12/09,2020/01/08,2399
34,2019/12/07,2019/12/10,2020/01/09,1991
33,2019/12/08,2019/12/11,2020/01/10,1959
35,2019/12/09,2019/12/12,2020/01/11,1652
47,2019/12/10,2019/12/13,2020/01/12,2435
46,2019/12/11,2019/12/14,2020/01/13,2618
38,2019/12/12,2019/12/15,2020/01/14,1837
12,2019/12/13,2019/12/16,2020/01/15,2262
45,2019/12/14,2019/12/17,2020/01/16,1625
15,2019/12/15,2019/12/18,2020/01/17,1865
19,2019/12/16,2019/12/19,2020/01/18,1561
29,2019/12/17,2019/12/20,2020/01/19,2505
8,2019/12/18,2019/12/21,2020/01/20,1717
43,2019/12/19,2019/12/22,2020/01/21,2631
48,2019/12/20,2019/12/23,2020/01/22,2157
45,2019/12/21,2019/12/24,2020/01/23,1581
19,2019/12/22,2019/12/25,2020/01/24,2097
23,2019/12/23,2019/12/26,2020/01/25,2079
13,2019/12/24,2019/12/27,2020/01/26,1800
6,2019/12/25,2019/12/28,2020/01/27,2227
8,2019/12/26,2019/12/29,2020/01/28,2637
13,2019/12/27,2019/12/30,2020/01/29,2030
1,2019/12/28,2019/12/31,2020/01/30,1940
1,2019/12/29,2020/01/01,2020/01/31,1209
23,2019/12/30,2020/01/02,2020/02/01,1977
24,2019/12/31,2020/01/03,2020/02/02,1166
18,2020/01/01,2020/01/04,2020/02/03,2461
21,2020/01/02,2020/01/05,2020/02/04,1624
23,2020/01/03,2020/01/06,2020/02/05,2026
8,2020/01/04,2020/01/07,2020/02/06,2093
29,2020/01/05,2020/01/08,2020/02/07,2273
28,2020/01/06,2020/01/09,2020/02/08,2195
23,2020/01/07,2020/01/10,2020/02/09,1386
2,2020/01/08,2020/01/11,2020/02/10,1328
16,2020/01/09,2020/01/12,2020/02/11,1580
17,2020/01/10,2020/01/13,2020/02/12,2404
16,2020/01/11,2020/01/14,2020/02/13,1636
21,2020/01/12,2020/01/15,2020/02/14,1262
9,2020/01/13,2020/01/16,2020/02/15,1016
39,2020/01/14,2020/01/17,2020/02/16,1502
35,2020/01/15,2020/01/18,2020/02/17,2109
23,2020/01/16,2020/01/19,2020/02/18,2623
23,2020/01/17,2020/01/20,2020/02/19,1232
42,2020/01/18,2020/01/21,2020/02/20,1765
34,2020/01/19,2020/01/22,2020/02/21,2648
37,2020/01/20,2020/01/23,2020/02/22,1578
31,2020/01/21,2020/01/24,2020/02/23,2282
46,2020/01/22,2020/01/25,2020/02/24,1280
7,2020/01/23,2020/01/26,2020/02/25,2586
26,2020/01/24,2020/01/27,2020/02/26,2414
28,2020/01/25,2020/01/28,2020/02/27,1692
46,2020/01/26,2020/01/29,2020/02/28,2577
23,2020/01/27,2020/01/30,2020/02/29,1457
50,2020/01/28,2020/01/31,2020/03/01,1978
34,2020/01/29,2020/02/01,2020/03/02,1220
34,2020/01/30,2020/02/02,2020/03/03,1217
37,2020/01/31,2020/02/03,2020/03/04,1913
20,2020/02/01,2020/02/04,2020/03/05,1377
15,2020/02/02,2020/02/05,2020/03/06,1620
12,2020/02/03,2020/02/06,2020/03/07,1548
21,2020/02/04,2020/02/07,2020/03/08,1544
19,2020/02/05,2020/02/08,2020/03/09,1157
37,2020/02/06,2020/02/09,2020/03/10,1270
36,2020/02/07,2020/02/10,2020/03/11,1415
16,2020/02/08,2020/02/11,2020/03/12,2659
32,2020/02/09,2020/02/12,2020/03/13,1125
4,2020/02/10,2020/02/13,2020/03/14,1922
29,2020/02/11,2020/02/14,2020/03/15,2710
20,2020/02/12,2020/02/15,2020/03/16,1957
35,2020/02/13,2020/02/16,2020/03/17,2006
26,2020/02/14,2020/02/17,2020/03/18,2227
34,2020/02/15,2020/02/18,2020/03/19,2668
17,2020/02/16,2020/02/19,2020/03/20,2272
32,2020/02/17,2020/02/20,2020/03/21,2252
44,2020/02/18,2020/02/21,2020/03/22,1840
34,2020/02/19,2020/02/22,2020/03/23,1501
47,2020/02/20,2020/02/23,2020/03/24,1054
14,2020/02/21,2020/02/24,2020/03/25,1625
27,2020/02/22,2020/02/25,2020/03/26,2323
33,2020/02/23,2020/02/26,2020/03/27,1254
31,2020/02/24,2020/02/27,2020/03/28,2163
38,2020/02/25,2020/02/28,2020/03/29,2030
25,2020/02/26,2020/02/29,2020/03/30,1855
38,2020/02/27,2020/03/01,2020/03/31,1991
49,2020/02/28,2020/03/02,2020/04/01,1932
38,2020/02/29,2020/03/03,2020/04/02,1707
27,2020/03/01,2020/03/04,2020/04/03,1811
24,2020/03/02,2020/03/05,2020/04/04,2644
30,2020/03/03,2020/03/06,2020/04/05,1126
46,2020/03/04,2020/03/07,2020/04/06,1807
31,2020/03/05,2020/03/08,2020/04/07,1294
13,2020/03/06,2020/03/09,2020/04/08,1231
35,2020/03/07,2020/03/10,2020/04/09,2132
5,2020/03/08,2020/03/11,2020/04/10,1271
50,2020/03/09,2020/03/12,2020/04/11,2178
29,2020/03/10,2020/03/13,2020/04/12,1801
4,2020/03/11,2020/03/14,2020/04/13,1917
33,2020/03/12,2020/03/15,2020/04/14,2378
41,2020/03/13,2020/03/16,2020/04/15,2413
34,2020/03/14,2020/03/17,2020/04/16,1123
41,2020/03/15,2020/03/18,2020/04/17,2319
1,2020/03/16,2020/03/19,2020/04/18,1700
6,2020/03/17,2020/03/20,2020/04/19,1580
23,2020/03/18,2020/03/21,2020/04/20,1939
13,2020/03/19,2020/03/22,2020/04/21,1061
40,2020/03/20,2020/03/23,2020/04/22,1249
29,2020/03/21,2020/03/24,2020/04/23,2693
6,2020/03/22,2020/03/25,2020/04/24,1545
40,2020/03/23,2020/03/26,2020/04/25,1168
36,2020/03/24,2020/03/27,2020/04/26,1353
13,2020/03/25,2020/03/28,2020/04/27,1964
16,2020/03/26,2020/03/29,2020/04/28,1798
35,2020/03/27,2020/03/30,2020/04/29,2497
36,2020/03/28,2020/03/31,2020/04/30,1682
45,2020/03/29,2020/04/01,2020/05/01,2235
35,2020/03/30,2020/04/02,2020/05/02,1057
37,2020/03/31,2020/04/03,2020/05/03,2247
10,2020/04/01,2020/04/04,2020/05/04,1438
24,2020/04/02,2020/04/05,2020/05/05,2642
5,2020/04/03,2020/04/06,2020/05/06,1677
1,2020/04/04,2020/04/07,2020/05/07,2028
7,2020/04/05,2020/04/08,2020/05/08,1654
6,2020/04/06,2020/04/09,2020/05/09,1601
10,2020/04/07,2020/04/10,2020/05/10,2534
19,2020/04/08,2020/04/11,2020/05/11,1459
41,2020/04/09,2020/04/12,2020/05/12,2568
29,2020/04/10,2020/04/13,2020/05/13,2560
49,2020/04/11,2020/04/14,2020/05/14,1008
39,2020/04/12,2020/04/15,2020/05/15,1507
20,2020/04/13,2020/04/16,2020/05/16,2605
10,2020/04/14,2020/04/17,2020/05/17,1042
29,2020/04/15,2020/04/18,2020/05/18,1233
45,2020/04/16,2020/04/19,2020/05/19,1633
30,2020/04/17,2020/04/20,2020/05/20,2429
6,2020/04/18,2020/04/21,2020/05/21,2658
12,2020/04/19,2020/04/22,2020/05/22,1702
16,2020/04/20,2020/04/23,2020/05/23,1449
19,2020/04/21,2020/04/24,2020/05/24,1063
33,2020/04/22,2020/04/25,2020/05/25,2534
33,2020/04/23,2020/04/26,2020/05/26,1906
25,2020/04/24,2020/04/27,2020/05/27,2731
3,2020/04/25,2020/04/28,2020/05/28,2458
3,2020/04/26,2020/04/29,2020/05/29,1723
12,2020/04/27,2020/04/30,2020/05/30,1850
33,2020/04/28,2020/05/01,2020/05/31,1882
1,2020/04/29,2020/05/02,2020/06/01,1524
13,2020/04/30,2020/05/03,2020/06/02,1867
4,2020/05/01,2020/05/04,2020/06/03,1406
11,2020/05/02,2020/05/05,2020/06/04,2290
48,2020/05/03,2020/05/06,2020/06/05,1326
11,2020/05/04,2020/05/07,2020/06/06,1997
30,2020/05/05,2020/05/08,2020/06/07,1324
38,2020/05/06,2020/05/09,2020/06/08,1737
25,2020/05/07,2020/05/10,2020/06/09,2194
35,2020/05/08,2020/05/11,2020/06/10,1842
33,2020/05/09,2020/05/12,2020/06/11,1236
26,2020/05/10,2020/05/13,2020/06/12,1228
24,2020/05/11,2020/05/14,2020/06/13,1638
29,2020/05/12,2020/05/15,2020/06/14,1661
50,2020/05/13,2020/05/16,2020/06/15,1165
49,2020/05/14,2020/05/17,2020/06/16,2362
25,2020/05/15,2020/05/18,2020/06/17,1567
36,2020/05/16,2020/05/19,2020/06/18,2056
42,2020/05/17,2020/05/20,2020/06/19,2363
11,2020/05/18,2020/05/21,2020/06/20,1656
36,2020/05/19,2020/05/22,2020/06/21,1832
31,2020/05/20,2020/05/23,2020/06/22,1374
7,2020/05/21,2020/05/24,2020/06/23,2656
36,2020/05/22,2020/05/25,2020/06/24,1828
47,2020/05/23,2020/05/26,2020/06/25,2472
34,2020/05/24,2020/05/27,2020/06/26,1600
28,2020/05/25,2020/05/28,2020/06/27,1410
20,2020/05/26,2020/05/29,2020/06/28,1036
22,2020/05/27,2020/05/30,2020/06/29,1812
23,2020/05/28,2020/05/31,2020/06/30,2692
50,2020/05/29,2020/06/01,2020/07/01,1364
37,2020/05/30,2020/06/02,2020/07/02,2707
34,2020/05/31,2020/06/03,2020/07/03,2229
1,2020/06/01,2020/06/04,2020/07/04,2031
41,2020/06/02,2020/06/05,2020/07/05,2058
19,2020/06/03,2020/06/06,2020/07/06,1761
39,2020/06/04,2020/06/07,2020/07/07,1560
40,2020/06/05,2020/06/08,2020/07/08,1615
50,2020/06/06,2020/06/09,2020/07/09,1489
12,2020/06/07,2020/06/10,2020/07/10,1604
2,2020/06/08,2020/06/11,2020/07/11,2038
19,2020/06/09,2020/06/12,2020/07/12,2323
10,2020/06/10,2020/06/13,2020/07/13,1777
31,2020/06/11,2020/06/14,2020/07/14,1863
17,2020/06/12,2020/06/15,2020/07/15,1031
11,2020/06/13,2020/06/16,2020/07/16,2216
27,2020/06/14,2020/06/17,2020/07/17,2256
10,2020/06/15,2020/06/18,2020/07/18,1086
42,2020/06/16,2020/06/19,2020/07/19,2197
41,2020/06/17,2020/06/20,2020/07/20,2126
20,2020/06/18,2020/06/21,2020/07/21,1540
41,2020/06/19,2020/06/22,2020/07/22,2132
48,2020/06/20,2020/06/23,2020/07/23,1055
26,2020/06/21,2020/06/24,2020/07/24,1219
42,2020/06/22,2020/06/25,2020/07/25,1034
27,2020/06/23,2020/06/26,2020/07/26,1446
44,2020/06/24,2020/06/27,2020/07/27,2365
22,2020/06/25,2020/06/28,2020/07/28,1955
43,2020/06/26,2020/06/29,2020/07/29,2476
29,2020/06/27,2020/06/30,2020/07/30,1892
16,2020/06/28,2020/07/01,2020/07/31,2337
5,2020/06/29,2020/07/02,2020/08/01,2624
15,2020/06/30,2020/07/03,2020/08/02,2275
33,2020/07/01,2020/07/04,2020/08/03,1571
41,2020/07/02,2020/07/05,2020/08/04,2200
22,2020/07/03,2020/07/06,2020/08/05,2016
23,2020/07/04,2020/07/07,2020/08/06,2450
26,2020/07/05,2020/07/08,2020/08/07,2242
24,2020/07/06,2020/07/09,2020/08/08,2390
9,2020/07/07,2020/07/10,2020/08/09,2115
18,2020/07/08,2020/07/11,2020/08/10,2085
46,2020/07/09,2020/07/12,2020/08/11,1942
15,2020/07/10,2020/07/13,2020/08/12,1076
43,2020/07/11,2020/07/14,2020/08/13,2225
27,2020/07/12,2020/07/15,2020/08/14,1296
42,2020/07/13,2020/07/16,2020/08/15,1222
16,2020/07/14,2020/07/17,2020/08/16,2531
39,2020/07/15,2020/07/18,2020/08/17,1270
21,2020/07/16,2020/07/19,2020/08/18,1313
40,2020/07/17,2020/07/20,2020/08/19,1452
6,2020/07/18,2020/07/21,2020/08/20,1057
5,2020/07/19,2020/07/22,2020/08/21,2383
23,2020/07/20,2020/07/23,2020/08/22,1282
9,2020/07/21,2020/07/24,2020/08/23,2679
36,2020/07/22,2020/07/25,2020/08/24,1791
48,2020/07/23,2020/07/26,2020/08/25,1864
17,2020/07/24,2020/07/27,2020/08/26,1819
20,2020/07/25,2020/07/28,2020/08/27,1995
2,2020/07/26,2020/07/29,2020/08/28,2281
32,2020/07/27,2020/07/30,2020/08/29,2399
41,2020/07/28,2020/07/31,2020/08/30,2301
37,2020/07/29,2020/08/01,2020/08/31,1605
38,2020/07/30,2020/08/02,2020/09/01,2553
13,2020/07/31,2020/08/03,2020/09/02,1682
23,2020/08/01,2020/08/04,2020/09/03,1785
27,2020/08/02,2020/08/05,2020/09/04,2626
13,2020/08/03,2020/08/06,2020/09/05,1928
39,2020/08/04,2020/08/07,2020/09/06,2345
1,2020/08/05,2020/08/08,2020/09/07,1071
33,2020/08/06,2020/08/09,2020/09/08,2484
29,2020/08/07,2020/08/10,2020/09/09,2416
3,2020/08/08,2020/08/11,2020/09/10,2732
9,2020/08/09,2020/08/12,2020/09/11,1881
13,2020/08/10,2020/08/13,2020/09/12,1142
26,2020/08/11,2020/08/14,2020/09/13,1493
23,2020/08/12,2020/08/15,2020/09/14,2482
27,2020/08/13,2020/08/16,2020/09/15,1660
11,2020/08/14,2020/08/17,2020/09/16,2351
49,2020/08/15,2020/08/18,2020/09/17,1142
16,2020/08/16,2020/08/19,2020/09/18,1771
12,2020/08/17,2020/08/20,2020/09/19,2657
40,2020/08/18,2020/08/21,2020/09/20,1582
33,2020/08/19,2020/08/22,2020/09/21,1279
17,2020/08/20,2020/08/23,2020/09/22,1834
38,2020/08/21,2020/08/24,2020/09/23,2589
34,2020/08/22,2020/08/25,2020/09/24,1447
45,2020/08/23,2020/08/26,2020/09/25,1666
11,2020/08/24,2020/08/27,2020/09/26,2345
22,2020/08/25,2020/08/28,2020/09/27,1610
23,2020/08/26,2020/08/29,2020/09/28,1574
2,2020/08/27,2020/08/30,2020/09/29,1273
45,2020/08/28,2020/08/31,2020/09/30,1913
43,2020/08/29,2020/09/01,2020/10/01,1799
3,2020/08/30,2020/09/02,2020/10/02,2555
15,2020/08/31,2020/09/03,2020/10/03,2311
3,2020/09/01,2020/09/04,2020/10/04,2222
43,2020/09/02,2020/09/05,2020/10/05,1683
14,2020/09/03,2020/09/06,2020/10/06,1688
46,2020/09/04,2020/09/07,2020/10/07,1102
10,2020/09/05,2020/09/08,2020/10/08,1870
30,2020/09/06,2020/09/09,2020/10/09,1909
24,2020/09/07,2020/09/10,2020/10/10,2320
17,2020/09/08,2020/09/11,2020/10/11,2646
31,2020/09/09,2020/09/12,2020/10/12,1293
40,2020/09/10,2020/09/13,2020/10/13,2576
7,2020/09/11,2020/09/14,2020/10/14,2285
16,2020/09/12,2020/09/15,2020/10/15,1511
45,2020/09/13,2020/09/16,2020/10/16,1184
18,2020/09/14,2020/09/17,2020/10/17,2479
36,2020/09/15,2020/09/18,2020/10/18,2474
37,2020/09/16,2020/09/19,2020/10/19,1216
15,2020/09/17,2020/09/20,2020/10/20,1619
39,2020/09/18,2020/09/21,2020/10/21,1465
19,2020/09/19,2020/09/22,2020/10/22,2203
1,2020/09/20,2020/09/23,2020/10/23,2068
13,2020/09/21,2020/09/24,2020/10/24,1438
4,2020/09/22,2020/09/25,2020/10/25,1705
32,2020/09/23,2020/09/26,2020/10/26,2526
44,2020/09/24,2020/09/27,2020/10/27,1447
22,2020/09/25,2020/09/28,2020/10/28,2519
49,2020/09/26,2020/09/29,2020/10/29,1577
37,2020/09/27,2020/09/30,2020/10/30,1548
20,2020/09/28,2020/10/01,2020/10/31,2092
13,2020/09/29,2020/10/02,2020/11/01,2577
15,2020/09/30,2020/10/03,2020/11/02,1359
36,2020/10/01,2020/10/04,2020/11/03,1401
40,2020/10/02,2020/10/05,2020/11/04,2709
24,2020/10/03,2020/10/06,2020/11/05,1795
27,2020/10/04,2020/10/07,2020/11/06,2548
18,2020/10/05,2020/10/08,2020/11/07,2685
5,2020/10/06,2020/10/09,2020/11/08,1935
40,2020/10/07,2020/10/10,2020/11/09,1524
33,2020/10/08,2020/10/11,2020/11/10,1178
27,2020/10/09,2020/10/12,2020/11/11,1679
28,2020/10/10,2020/10/13,2020/11/12,1238
27,2020/10/11,2020/10/14,2020/11/13,2086
40,2020/10/12,2020/10/15,2020/11/14,1066
50,2020/10/13,2020/10/16,2020/11/15,2332
10,2020/10/14,2020/10/17,2020/11/16,2039
20,2020/10/15,2020/10/18,2020/11/17,1140
1,2020/10/16,2020/10/19,2020/11/18,1204
34,2020/10/17,2020/10/20,2020/11/19,2023
7,2020/10/18,2020/10/21,2020/11/20,1358
50,2020/10/19,2020/10/22,2020/11/21,1911
40,2020/10/20,2020/10/23,2020/11/22,2497
21,2020/10/21,2020/10/24,2020/11/23,2177
8,2020/10/22,2020/10/25,2020/11/24,1204
20,2020/10/23,2020/10/26,2020/11/25,1565
38,2020/10/24,2020/10/27,2020/11/26,1224
12,2020/10/25,2020/10/28,2020/11/27,2609
49,2020/10/26,2020/10/29,2020/11/28,2528
31,2020/10/27,2020/10/30,2020/11/29,1959
46,2020/10/28,2020/10/31,2020/11/30,2369
45,2020/10/29,2020/11/01,2020/12/01,1531
2,2020/10/30,2020/11/02,2020/12/02,2690
16,2020/10/31,2020/11/03,2020/12/03,2087
48,2020/11/01,2020/11/04,2020/12/04,2138
20,2020/11/02,2020/11/05,2020/12/05,1037
48,2020/11/03,2020/11/06,2020/12/06,1247
37,2020/11/04,2020/11/07,2020/12/07,1047
18,2020/11/05,2020/11/08,2020/12/08,1759
24,2020/11/06,2020/11/09,2020/12/09,2570
40,2020/11/07,2020/11/10,2020/12/10,2393
21,2020/11/08,2020/11/11,2020/12/11,1988
4,2020/11/09,2020/11/12,2020/12/12,1793
27,2020/11/10,2020/11/13,2020/12/13,1675
7,2020/11/11,2020/11/14,2020/12/14,1946
22,2020/11/12,2020/11/15,2020/12/15,2118
13,2020/11/13,2020/11/16,2020/12/16,2375
26,2020/11/14,2020/11/17,2020/12/17,1679
43,2020/11/15,2020/11/18,2020/12/18,1631
42,2020/11/16,2020/11/19,2020/12/19,2416
35,2020/11/17,2020/11/20,2020/12/20,1402
47,2020/11/18,2020/11/21,2020/12/21,1673
44,2020/11/19,2020/11/22,2020/12/22,1556
3,2020/11/20,2020/11/23,2020/12/23,1708
15,2020/11/21,2020/11/24,2020/12/24,2641
48,2020/11/22,2020/11/25,2020/12/25,2461
5,2020/11/23,2020/11/26,2020/12/26,1419
45,2020/11/24,2020/11/27,2020/12/27,2648
38,2020/11/25,2020/11/28,2020/12/28,1078
2,2020/11/26,2020/11/29,2020/12/29,1314
40,2020/11/27,2020/11/30,2020/12/30,1276
13,2020/11/28,2020/12/01,2020/12/31,1467
12,2020/11/29,2020/12/02,2021/01/01,2695
10,2020/11/30,2020/12/03,2021/01/02,1174
36,2020/12/01,2020/12/04,2021/01/03,1926
39,2020/12/02,2020/12/05,2021/01/04,1555
7,2020/12/03,2020/12/06,2021/01/05,1553
22,2020/12/04,2020/12/07,2021/01/06,1332
43,2020/12/05,2020/12/08,2021/01/07,1731
46,2020/12/06,2020/12/09,2021/01/08,2630
49,2020/12/07,2020/12/10,2021/01/09,2453
22,2020/12/08,2020/12/11,2021/01/10,1032
7,2020/12/09,2020/12/12,2021/01/11,1944
33,2020/12/10,2020/12/13,2021/01/12,2167
24,2020/12/11,2020/12/14,2021/01/13,2233
19,2020/12/12,2020/12/15,2021/01/14,2283
3,2020/12/13,2020/12/16,2021/01/15,2628
7,2020/12/14,2020/12/17,2021/01/16,1808
12,2020/12/15,2020/12/18,2021/01/17,2370
40,2020/12/16,2020/12/19,2021/01/18,2598
30,2020/12/17,2020/12/20,2021/01/19,1827
30,2020/12/18,2020/12/21,2021/01/20,2084
25,2020/12/19,2020/12/22,2021/01/21,1615
8,2020/12/20,2020/12/23,2021/01/22,1475
47,2020/12/21,2020/12/24,2021/01/23,2266
10,2020/12/22,2020/12/25,2021/01/24,1908
28,2020/12/23,2020/12/26,2021/01/25,1102
23,2020/12/24,2020/12/27,2021/01/26,1241
21,2020/12/25,2020/12/28,2021/01/27,2110
13,2020/12/26,2020/12/29,2021/01/28,1038
11,2020/12/27,2020/12/30,2021/01/29,1955
21,2020/12/28,2020/12/31,2021/01/30,2510
22,2020/12/29,2021/01/01,2021/01/31,1043
33,2020/12/30,2021/01/02,2021/02/01,2011
29,2020/12/31,2021/01/03,2021/02/02,1413
47,2021/01/01,2021/01/04,2021/02/03,2336
42,2021/01/02,2021/01/05,2021/02/04,1493
28,2021/01/03,2021/01/06,2021/02/05,1057
12,2021/01/04,2021/01/07,2021/02/06,2564
25,2021/01/05,2021/01/08,2021/02/07,1819
49,2021/01/06,2021/01/09,2021/02/08,1975
9,2021/01/07,2021/01/10,2021/02/09,1952
6,2021/01/08,2021/01/11,2021/02/10,1847
25,2021/01/09,2021/01/12,2021/02/11,1104
37,2021/01/10,2021/01/13,2021/02/12,2140
40,2021/01/11,2021/01/14,2021/02/13,1191
26,2021/01/12,2021/01/15,2021/02/14,1193
2,2021/01/13,2021/01/16,2021/02/15,1197
26,2021/01/14,2021/01/17,2021/02/16,1988
26,2021/01/15,2021/01/18,2021/02/17,2336
3,2021/01/16,2021/01/19,2021/02/18,2332
4,2021/01/17,2021/01/20,2021/02/19,2660
37,2021/01/18,2021/01/21,2021/02/20,2601
4,2021/01/19,2021/01/22,2021/02/21,1514
43,2021/01/20,2021/01/23,2021/02/22,2667
14,2021/01/21,2021/01/24,2021/02/23,2331
32,2021/01/22,2021/01/25,2021/02/24,2178
1,2021/01/23,2021/01/26,2021/02/25,2295
22,2021/01/24,2021/01/27,2021/02/26,2194
16,2021/01/25,2021/01/28,2021/02/27,2301
20,2021/01/26,2021/01/29,2021/02/28,1629
16,2021/01/27,2021/01/30,2021/03/01,2208
33,2021/01/28,2021/01/31,2021/03/02,1535
12,2021/01/29,2021/02/01,2021/03/03,1666
43,2021/01/30,2021/02/02,2021/03/04,2378
37,2021/01/31,2021/02/03,2021/03/05,2666
42,2021/02/01,2021/02/04,2021/03/06,1997
50,2021/02/02,2021/02/05,2021/03/07,1651
8,2021/02/03,2021/02/06,2021/03/08,1541
37,2021/02/04,2021/02/07,2021/03/09,1292
43,2021/02/05,2021/02/08,2021/03/10,1275
48,2021/02/06,2021/02/09,2021/03/11,2328
2,2021/02/07,2021/02/10,2021/03/12,2656
12,2021/02/08,2021/02/11,2021/03/13,2018
